{"cameraMode":{"drawMode":0,"name":"Shaded","section":"Shading Mode"},"sceneLighting":false,"audioPlay":false,"sceneViewState":{"m_AlwaysRefresh":false,"showFog":true,"showSkybox":false,"showFlares":true,"showImageEffects":true,"showParticleSystems":true,"showVisualEffectGraphs":true,"m_FxEnabled":true},"in2DMode":false,"pivot":{"x":0.3517647981643677,"y":0.590397298336029,"z":2.905630111694336},"rotation":{"x":-0.29928886890411379,"y":0.07061760872602463,"z":-0.022216426208615304,"w":-0.951289176940918},"size":0.8660253882408142,"orthographic":false}