{"cameraMode":{"drawMode":0,"name":"Shaded","section":"Shading Mode"},"sceneLighting":false,"audioPlay":false,"sceneViewState":{"m_AlwaysRefresh":false,"showFog":true,"showSkybox":false,"showFlares":true,"showImageEffects":true,"showParticleSystems":true,"showVisualEffectGraphs":true,"m_FxEnabled":true},"in2DMode":false,"pivot":{"x":0.0015647411346435547,"y":1.0799415111541749,"z":-0.08384615182876587},"rotation":{"x":0.0006599185289815068,"y":0.97980135679245,"z":-0.19995185732841493,"w":0.0032338823657482864},"size":1.8475795984268189,"orthographic":false}